{
  "num_nodes": 88,
  "num_edges": 625,
  "num_triples": 691,
  "completeness": 1.0,
  "completeness_breakdown": {
    "has_name": 1.0,
    "has_aliases": 1.0,
    "has_type": 1.0
  },
  "consistency": 1.0,
  "duplication_level": 0.04775687409551377,
  "entity_duplication_rate": 0.0,
  "triple_duplication_rate": 0.09551374819102754,
  "missing_information": 0.0,
  "format_errors": 0.0,
  "labeling_quality": 0.5632183908045977,
  "reusability": 0.9839080459770115,
  "overall_score": 0.9284813660980137
}