{
  "num_nodes": 77,
  "num_edges": 544,
  "num_triples": 566,
  "completeness": 1.0,
  "completeness_breakdown": {
    "has_name": 1.0,
    "has_mentions": 1.0,
    "has_label": 1.0
  },
  "consistency": 1.0,
  "duplication_level": 0.019434628975265045,
  "entity_duplication_rate": 0.0,
  "triple_duplication_rate": 0.03886925795053009,
  "missing_information": 0.0,
  "format_errors": 0.0,
  "labeling_quality": 0.5324675324675324,
  "reusability": 0.7506493506493508,
  "overall_score": 0.8948117505916597
}