{
  "num_nodes": 66,
  "num_edges": 205,
  "num_triples": 225,
  "completeness": 0.9747474747474748,
  "completeness_breakdown": {
    "has_aliases": 0.9242424242424242,
    "has_type": 1.0,
    "has_name": 1.0
  },
  "consistency": 1.0,
  "duplication_level": 0.05202020202020202,
  "entity_duplication_rate": 0.015151515151515138,
  "triple_duplication_rate": 0.0888888888888889,
  "missing_information": 0.07575757575757576,
  "format_errors": 0.0,
  "labeling_quality": 0.8787878787878788,
  "reusability": 0.9000000000000001,
  "overall_score": 0.9465367965367966,
  "extraction": {
    "method": "graphgen",
    "model": "deepseek-v4-pro",
    "prompt_version": "graphgen-figure8-figure9-v1",
    "max_gleanings": 3
  }
}