{
  "num_nodes": 88,
  "num_edges": 621,
  "num_triples": 691,
  "completeness": 0.9810606060606061,
  "completeness_breakdown": {
    "has_type": 1.0,
    "has_name": 1.0,
    "has_aliases": 0.9431818181818182
  },
  "consistency": 1.0,
  "duplication_level": 0.056333048283120635,
  "entity_duplication_rate": 0.011363636363636354,
  "triple_duplication_rate": 0.10130246020260492,
  "missing_information": 0.056818181818181816,
  "format_errors": 0.0,
  "labeling_quality": 0.5681818181818182,
  "reusability": 0.9840909090909091,
  "overall_score": 0.9171688718902902,
  "extraction": {
    "method": "baseline",
    "model": null,
    "prompt_version": null,
    "max_gleanings": 0
  }
}